Year;Source;Label_Source;Target;Label_Target;Value
2010;0;Afghanistan;10;France;790
2010;0;Afghanistan;11;Germany;6065
2010;0;Afghanistan;12;Sweden;2390
2010;0;Afghanistan;13;Belgium;1825
2010;0;Afghanistan;14;United Kingdom;1945
2010;0;Afghanistan;15;Switzerland;675
2010;0;Afghanistan;16;Netherlands;1585
2010;0;Afghanistan;17;Austria;1590
2010;0;Afghanistan;18;Greece;520
2010;0;Afghanistan;19;Norway;975
2010;1;Russia;10;France;4695
2010;1;Russia;11;Germany;1410
2010;1;Russia;12;Sweden;975
2010;1;Russia;13;Belgium;2730
2010;1;Russia;14;United Kingdom;100
2010;1;Russia;15;Switzerland;350
2010;1;Russia;16;Netherlands;245
2010;1;Russia;17;Austria;2330
2010;1;Russia;18;Greece;95
2010;1;Russia;19;Norway;630
2010;2;Serbia;10;France;790
2010;2;Serbia;11;Germany;6795
2010;2;Serbia;12;Sweden;6250
2010;2;Serbia;13;Belgium;2215
2010;2;Serbia;14;United Kingdom;0
2010;2;Serbia;15;Switzerland;910
2010;2;Serbia;16;Netherlands;60
2010;2;Serbia;17;Austria;355
2010;2;Serbia;18;Greece;10
2010;2;Serbia;19;Norway;195
2010;3;Irak;10;France;445
2010;3;Irak;11;Germany;5950
2010;3;Irak;12;Sweden;1995
2010;3;Irak;13;Belgium;1995
2010;3;Irak;14;United Kingdom;600
2010;3;Irak;15;Switzerland;665
2010;3;Irak;16;Netherlands;1900
2010;3;Irak;17;Austria;340
2010;3;Irak;18;Greece;340
2010;3;Irak;19;Norway;455
2010;4;Somalia;10;France;420
2010;4;Somalia;11;Germany;2265
2010;4;Somalia;12;Sweden;5630
2010;4;Somalia;13;Belgium;320
2010;4;Somalia;14;United Kingdom;705
2010;4;Somalia;15;Switzerland;340
2010;4;Somalia;16;Netherlands;3665
2010;4;Somalia;17;Austria;200
2010;4;Somalia;18;Greece;140
2010;4;Somalia;19;Norway;1395
2010;5;Kosovo;10;France;5285
2010;5;Kosovo;11;Germany;2200
2010;5;Kosovo;12;Sweden;1715
2010;5;Kosovo;13;Belgium;3230
2010;5;Kosovo;14;United Kingdom;40
2010;5;Kosovo;15;Switzerland;595
2010;5;Kosovo;16;Netherlands;55
2010;5;Kosovo;17;Austria;605
2010;5;Kosovo;18;Greece;0
2010;5;Kosovo;19;Norway;245
2010;6;Iran;10;France;405
2010;6;Iran;11;Germany;2975
2010;6;Iran;12;Sweden;1195
2010;6;Iran;13;Belgium;510
2010;6;Iran;14;United Kingdom;2305
2010;6;Iran;15;Switzerland;320
2010;6;Iran;16;Netherlands;855
2010;6;Iran;17;Austria;390
2010;6;Iran;18;Greece;125
2010;6;Iran;19;Norway;430
2010;7;Pakistan;10;France;915
2010;7;Pakistan;11;Germany;930
2010;7;Pakistan;12;Sweden;115
2010;7;Pakistan;13;Belgium;365
2010;7;Pakistan;14;United Kingdom;2130
2010;7;Pakistan;15;Switzerland;100
2010;7;Pakistan;16;Netherlands;70
2010;7;Pakistan;17;Austria;270
2010;7;Pakistan;18;Greece;2745
2010;7;Pakistan;19;Norway;105
2010;8;Nigeria;10;France;810
2010;8;Nigeria;11;Germany;770
2010;8;Nigeria;12;Sweden;320
2010;8;Nigeria;13;Belgium;160
2010;8;Nigeria;14;United Kingdom;1130
2010;8;Nigeria;15;Switzerland;1975
2010;8;Nigeria;16;Netherlands;185
2010;8;Nigeria;17;Austria;560
2010;8;Nigeria;18;Greece;395
2010;8;Nigeria;19;Norway;360
2010;9;Northern Macedonia;10;France;595
2010;9;Northern Macedonia;11;Germany;3555
2010;9;Northern Macedonia;12;Sweden;900
2010;9;Northern Macedonia;13;Belgium;1745
2010;9;Northern Macedonia;14;United Kingdom;5
2010;9;Northern Macedonia;15;Switzerland;415
2010;9;Northern Macedonia;16;Netherlands;385
2010;9;Northern Macedonia;17;Austria;195
2010;9;Northern Macedonia;18;Greece;0
2010;9;Northern Macedonia;19;Norway;95
2011;0;Afghanistan;10;France;685
2011;0;Afghanistan;11;Germany;7955
2011;0;Afghanistan;12;Italy;1425
2011;0;Afghanistan;13;Belgium;3195
2011;0;Afghanistan;14;Sweden;4125
2011;0;Afghanistan;15;United Kingdom;1630
2011;0;Afghanistan;16;Switzerland;1095
2011;0;Afghanistan;17;Netherlands;2395
2011;0;Afghanistan;18;Austria;3630
2011;0;Afghanistan;19;Greece;640
2011;1;Russia;10;France;4480
2011;1;Russia;11;Germany;1875
2011;1;Russia;12;Italy;15
2011;1;Russia;13;Belgium;2680
2011;1;Russia;14;Sweden;915
2011;1;Russia;15;United Kingdom;100
2011;1;Russia;16;Switzerland;245
2011;1;Russia;17;Netherlands;520
2011;1;Russia;18;Austria;2320
2011;1;Russia;19;Greece;60
2011;2;Pakistan;10;France;1475
2011;2;Pakistan;11;Germany;2630
2011;2;Pakistan;12;Italy;2560
2011;2;Pakistan;13;Belgium;1010
2011;2;Pakistan;14;Sweden;180
2011;2;Pakistan;15;United Kingdom;3950
2011;2;Pakistan;16;Switzerland;115
2011;2;Pakistan;17;Netherlands;135
2011;2;Pakistan;18;Austria;945
2011;2;Pakistan;19;Greece;2315
2011;3;Irak;10;France;265
2011;3;Irak;11;Germany;6190
2011;3;Irak;12;Italy;345
2011;3;Irak;13;Belgium;2210
2011;3;Irak;14;Sweden;1640
2011;3;Irak;15;United Kingdom;440
2011;3;Irak;16;Switzerland;515
2011;3;Irak;17;Netherlands;2005
2011;3;Irak;18;Austria;480
2011;3;Irak;19;Greece;255
2011;4;Serbia;10;France;665
2011;4;Serbia;11;Germany;6980
2011;4;Serbia;12;Italy;205
2011;4;Serbia;13;Belgium;1990
2011;4;Serbia;14;Sweden;2645
2011;4;Serbia;15;United Kingdom;0
2011;4;Serbia;16;Switzerland;1430
2011;4;Serbia;17;Netherlands;95
2011;4;Serbia;18;Austria;200
2011;4;Serbia;19;Greece;5
2011;5;Somalia;10;France;760
2011;5;Somalia;11;Germany;1010
2011;5;Somalia;12;Italy;1380
2011;5;Somalia;13;Belgium;530
2011;5;Somalia;14;Sweden;4045
2011;5;Somalia;15;United Kingdom;675
2011;5;Somalia;16;Switzerland;665
2011;5;Somalia;17;Netherlands;1995
2011;5;Somalia;18;Austria;615
2011;5;Somalia;19;Greece;70
2011;6;Nigeria;10;France;915
2011;6;Nigeria;11;Germany;800
2011;6;Nigeria;12;Italy;7760
2011;6;Nigeria;13;Belgium;205
2011;6;Nigeria;14;Sweden;345
2011;6;Nigeria;15;United Kingdom;1070
2011;6;Nigeria;16;Switzerland;1975
2011;6;Nigeria;17;Netherlands;145
2011;6;Nigeria;18;Austria;395
2011;6;Nigeria;19;Greece;355
2011;7;Iran;10;France;200
2011;7;Iran;11;Germany;3775
2011;7;Iran;12;Italy;240
2011;7;Iran;13;Belgium;525
2011;7;Iran;14;Sweden;1120
2011;7;Iran;15;United Kingdom;3095
2011;7;Iran;16;Switzerland;425
2011;7;Iran;17;Netherlands;1185
2011;7;Iran;18;Austria;460
2011;7;Iran;19;Greece;245
2011;8;Kosovo;10;France;3235
2011;8;Kosovo;11;Germany;1885
2011;8;Kosovo;12;Italy;120
2011;8;Kosovo;13;Belgium;2320
2011;8;Kosovo;14;Sweden;1325
2011;8;Kosovo;15;United Kingdom;20
2011;8;Kosovo;16;Switzerland;665
2011;8;Kosovo;17;Netherlands;25
2011;8;Kosovo;18;Austria;340
2011;8;Kosovo;19;Greece;0
2011;9;Eritrea;10;France;935
2011;9;Eritrea;11;Germany;645
2011;9;Eritrea;12;Italy;530
2011;9;Eritrea;13;Belgium;75
2011;9;Eritrea;14;Sweden;1705
2011;9;Eritrea;15;United Kingdom;850
2011;9;Eritrea;16;Switzerland;3440
2011;9;Eritrea;17;Netherlands;500
2011;9;Eritrea;18;Austria;20
2011;9;Eritrea;19;Greece;40
2012;0;Afghanistan;10;Germany;7830
2012;0;Afghanistan;11;France;570
2012;0;Afghanistan;12;Sweden;4765
2012;0;Afghanistan;13;Switzerland;1385
2012;0;Afghanistan;14;Belgium;3285
2012;0;Afghanistan;15;United Kingdom;1330
2012;0;Afghanistan;16;Austria;4010
2012;0;Afghanistan;17;Italy;1495
2012;0;Afghanistan;18;Netherlands;1540
2012;0;Afghanistan;19;Poland;100
2012;1;Syria;10;Germany;7920
2012;1;Syria;11;France;645
2012;1;Syria;12;Sweden;7925
2012;1;Syria;13;Switzerland;1225
2012;1;Syria;14;Belgium;1025
2012;1;Syria;15;United Kingdom;1260
2012;1;Syria;16;Austria;935
2012;1;Syria;17;Italy;355
2012;1;Syria;18;Netherlands;560
2012;1;Syria;19;Poland;105
2012;2;Russia;10;Germany;3420
2012;2;Russia;11;France;6015
2012;2;Russia;12;Sweden;940
2012;2;Russia;13;Switzerland;340
2012;2;Russia;14;Belgium;2655
2012;2;Russia;15;United Kingdom;165
2012;2;Russia;16;Austria;3120
2012;2;Russia;17;Italy;25
2012;2;Russia;18;Netherlands;815
2012;2;Russia;19;Poland;6085
2012;3;Serbia;10;Germany;12810
2012;3;Serbia;11;France;840
2012;3;Serbia;12;Sweden;2675
2012;3;Serbia;13;Switzerland;1885
2012;3;Serbia;14;Belgium;1095
2012;3;Serbia;15;United Kingdom;0
2012;3;Serbia;16;Austria;305
2012;3;Serbia;17;Italy;100
2012;3;Serbia;18;Netherlands;145
2012;3;Serbia;19;Poland;0
2012;4;Pakistan;10;Germany;3555
2012;4;Pakistan;11;France;2000
2012;4;Pakistan;12;Sweden;285
2012;4;Pakistan;13;Switzerland;170
2012;4;Pakistan;14;Belgium;840
2012;4;Pakistan;15;United Kingdom;4835
2012;4;Pakistan;16;Austria;1830
2012;4;Pakistan;17;Italy;2600
2012;4;Pakistan;18;Netherlands;170
2012;4;Pakistan;19;Poland;40
2012;5;Somalia;10;Germany;1290
2012;5;Somalia;11;France;520
2012;5;Somalia;12;Sweden;5695
2012;5;Somalia;13;Switzerland;805
2012;5;Somalia;14;Belgium;465
2012;5;Somalia;15;United Kingdom;680
2012;5;Somalia;16;Austria;480
2012;5;Somalia;17;Italy;800
2012;5;Somalia;18;Netherlands;1215
2012;5;Somalia;19;Poland;5
2012;6;Iran;10;Germany;4725
2012;6;Iran;11;France;255
2012;6;Iran;12;Sweden;1530
2012;6;Iran;13;Switzerland;370
2012;6;Iran;14;Belgium;500
2012;6;Iran;15;United Kingdom;3180
2012;6;Iran;16;Austria;760
2012;6;Iran;17;Italy;170
2012;6;Iran;18;Netherlands;1160
2012;6;Iran;19;Poland;15
2012;7;Irak;10;Germany;5680
2012;7;Irak;11;France;185
2012;7;Irak;12;Sweden;1345
2012;7;Irak;13;Switzerland;455
2012;7;Irak;14;Belgium;980
2012;7;Irak;15;United Kingdom;440
2012;7;Irak;16;Austria;495
2012;7;Irak;17;Italy;410
2012;7;Irak;18;Netherlands;1775
2012;7;Irak;19;Poland;25
2012;8;Eritrea;10;Germany;655
2012;8;Eritrea;11;France;490
2012;8;Eritrea;12;Sweden;2405
2012;8;Eritrea;13;Switzerland;4395
2012;8;Eritrea;14;Belgium;80
2012;8;Eritrea;15;United Kingdom;755
2012;8;Eritrea;16;Austria;15
2012;8;Eritrea;17;Italy;730
2012;8;Eritrea;18;Netherlands;460
2012;8;Eritrea;19;Poland;5
2012;9;Georgia;10;Germany;1430
2012;9;Georgia;11;France;2680
2012;9;Georgia;12;Sweden;745
2012;9;Georgia;13;Switzerland;725
2012;9;Georgia;14;Belgium;495
2012;9;Georgia;15;United Kingdom;35
2012;9;Georgia;16;Austria;300
2012;9;Georgia;17;Italy;65
2012;9;Georgia;18;Netherlands;250
2012;9;Georgia;19;Poland;3235
2013;0;Syria;10;Germany;12835
2013;0;Syria;11;France;1315
2013;0;Syria;12;Sweden;16540
2013;0;Syria;13;United Kingdom;1975
2013;0;Syria;14;Italy;640
2013;0;Syria;15;Switzerland;1905
2013;0;Syria;16;Belgium;1130
2013;0;Syria;17;Austria;2000
2013;0;Syria;18;Poland;255
2013;0;Syria;19;Hungary;810
2013;1;Russia;10;Germany;15470
2013;1;Russia;11;France;5145
2013;1;Russia;12;Sweden;1035
2013;1;Russia;13;United Kingdom;115
2013;1;Russia;14;Italy;35
2013;1;Russia;15;Switzerland;410
2013;1;Russia;16;Belgium;2150
2013;1;Russia;17;Austria;2850
2013;1;Russia;18;Poland;12840
2013;1;Russia;19;Hungary;0
2013;2;Afghanistan;10;Germany;8235
2013;2;Afghanistan;11;France;595
2013;2;Afghanistan;12;Sweden;3020
2013;2;Afghanistan;13;United Kingdom;1570
2013;2;Afghanistan;14;Italy;2055
2013;2;Afghanistan;15;Switzerland;895
2013;2;Afghanistan;16;Belgium;1675
2013;2;Afghanistan;17;Austria;2585
2013;2;Afghanistan;18;Poland;55
2013;2;Afghanistan;19;Hungary;2245
2013;3;Serbia;10;Germany;17995
2013;3;Serbia;11;France;695
2013;3;Serbia;12;Sweden;1675
2013;3;Serbia;13;United Kingdom;5
2013;3;Serbia;14;Italy;115
2013;3;Serbia;15;Switzerland;300
2013;3;Serbia;16;Belgium;690
2013;3;Serbia;17;Austria;205
2013;3;Serbia;18;Poland;0
2013;3;Serbia;19;Hungary;0
2013;4;Pakistan;10;Germany;4245
2013;4;Pakistan;11;France;1795
2013;4;Pakistan;12;Sweden;270
2013;4;Pakistan;13;United Kingdom;4580
2013;4;Pakistan;14;Italy;3235
2013;4;Pakistan;15;Switzerland;195
2013;4;Pakistan;16;Belgium;400
2013;4;Pakistan;17;Austria;1030
2013;4;Pakistan;18;Poland;35
2013;4;Pakistan;19;Hungary;3030
2013;5;Kosovo;10;Germany;4420
2013;5;Kosovo;11;France;5555
2013;5;Kosovo;12;Sweden;1270
2013;5;Kosovo;13;United Kingdom;40
2013;5;Kosovo;14;Italy;95
2013;5;Kosovo;15;Switzerland;695
2013;5;Kosovo;16;Belgium;1270
2013;5;Kosovo;17;Austria;930
2013;5;Kosovo;18;Poland;0
2013;5;Kosovo;19;Hungary;5520
2013;6;Eritrea;10;Germany;3635
2013;6;Eritrea;11;France;425
2013;6;Eritrea;12;Sweden;4870
2013;6;Eritrea;13;United Kingdom;1410
2013;6;Eritrea;14;Italy;2110
2013;6;Eritrea;15;Switzerland;2555
2013;6;Eritrea;16;Belgium;70
2013;6;Eritrea;17;Austria;55
2013;6;Eritrea;18;Poland;0
2013;6;Eritrea;19;Hungary;0
2013;7;Somalia;10;Germany;3870
2013;7;Somalia;11;France;495
2013;7;Somalia;12;Sweden;3940
2013;7;Somalia;13;United Kingdom;515
2013;7;Somalia;14;Italy;2775
2013;7;Somalia;15;Switzerland;605
2013;7;Somalia;16;Belgium;270
2013;7;Somalia;17;Austria;435
2013;7;Somalia;18;Poland;20
2013;7;Somalia;19;Hungary;0
2013;8;Nigeria;10;Germany;1975
2013;8;Nigeria;11;France;1405
2013;8;Nigeria;12;Sweden;605
2013;8;Nigeria;13;United Kingdom;1370
2013;8;Nigeria;14;Italy;3520
2013;8;Nigeria;15;Switzerland;1755
2013;8;Nigeria;16;Belgium;195
2013;8;Nigeria;17;Austria;685
2013;8;Nigeria;18;Poland;5
2013;8;Nigeria;19;Hungary;0
2013;9;Iran;10;Germany;4770
2013;9;Iran;11;France;175
2013;9;Iran;12;Sweden;1175
2013;9;Iran;13;United Kingdom;2955
2013;9;Iran;14;Italy;395
2013;9;Iran;15;Switzerland;215
2013;9;Iran;16;Belgium;435
2013;9;Iran;17;Austria;595
2013;9;Iran;18;Poland;15
2013;9;Iran;19;Hungary;0
2014;0;Syria;10;Germany;41085
2014;0;Syria;11;Sweden;30750
2014;0;Syria;12;Italy;515
2014;0;Syria;13;France;2840
2014;0;Syria;14;Hungary;6860
2014;0;Syria;15;United Kingdom;2270
2014;0;Syria;16;Austria;7730
2014;0;Syria;17;Netherlands;8790
2014;0;Syria;18;Switzerland;3810
2014;0;Syria;19;Belgium;2705
2014;1;Eritrea;10;Germany;13235
2014;1;Eritrea;11;Sweden;11530
2014;1;Eritrea;12;Italy;480
2014;1;Eritrea;13;France;730
2014;1;Eritrea;14;Hungary;125
2014;1;Eritrea;15;United Kingdom;3245
2014;1;Eritrea;16;Austria;110
2014;1;Eritrea;17;Netherlands;3915
2014;1;Eritrea;18;Switzerland;6920
2014;1;Eritrea;19;Belgium;820
2014;2;Afghanistan;10;Germany;9665
2014;2;Afghanistan;11;Sweden;3105
2014;2;Afghanistan;12;Italy;3115
2014;2;Afghanistan;13;France;635
2014;2;Afghanistan;14;Hungary;8795
2014;2;Afghanistan;15;United Kingdom;1810
2014;2;Afghanistan;16;Austria;5070
2014;2;Afghanistan;17;Netherlands;880
2014;2;Afghanistan;18;Switzerland;740
2014;2;Afghanistan;19;Belgium;2325
2014;3;Kosovo;10;Germany;8915
2014;3;Kosovo;11;Sweden;1485
2014;3;Kosovo;12;Italy;105
2014;3;Kosovo;13;France;2770
2014;3;Kosovo;14;Hungary;21455
2014;3;Kosovo;15;United Kingdom;30
2014;3;Kosovo;16;Austria;1900
2014;3;Kosovo;17;Netherlands;60
2014;3;Kosovo;18;Switzerland;400
2014;3;Kosovo;19;Belgium;840
2014;4;Serbia;10;Germany;27135
2014;4;Serbia;11;Sweden;1505
2014;4;Serbia;12;Italy;130
2014;4;Serbia;13;France;605
2014;4;Serbia;14;Hungary;145
2014;4;Serbia;15;United Kingdom;0
2014;4;Serbia;16;Austria;365
2014;4;Serbia;17;Netherlands;190
2014;4;Serbia;18;Switzerland;245
2014;4;Serbia;19;Belgium;500
2014;5;Pakistan;10;Germany;4220
2014;5;Pakistan;11;Sweden;370
2014;5;Pakistan;12;Italy;7145
2014;5;Pakistan;13;France;2195
2014;5;Pakistan;14;Hungary;400
2014;5;Pakistan;15;United Kingdom;3930
2014;5;Pakistan;16;Austria;600
2014;5;Pakistan;17;Netherlands;230
2014;5;Pakistan;18;Switzerland;120
2014;5;Pakistan;19;Belgium;360
2014;6;Irak;10;Germany;9490
2014;6;Irak;11;Sweden;2665
2014;6;Irak;12;Italy;790
2014;6;Irak;13;France;895
2014;6;Irak;14;Hungary;495
2014;6;Irak;15;United Kingdom;905
2014;6;Irak;16;Austria;1105
2014;6;Irak;17;Netherlands;1315
2014;6;Irak;18;Switzerland;365
2014;6;Irak;19;Belgium;1395
2014;7;Nigeria;10;Germany;3980
2014;7;Nigeria;11;Sweden;495
2014;7;Nigeria;12;Italy;10125
2014;7;Nigeria;13;France;1450
2014;7;Nigeria;14;Hungary;255
2014;7;Nigeria;15;United Kingdom;1470
2014;7;Nigeria;16;Austria;670
2014;7;Nigeria;17;Netherlands;265
2014;7;Nigeria;18;Switzerland;905
2014;7;Nigeria;19;Belgium;155
2014;8;Russia;10;Germany;5510
2014;8;Russia;11;Sweden;865
2014;8;Russia;12;Italy;65
2014;8;Russia;13;France;4210
2014;8;Russia;14;Hungary;15
2014;8;Russia;15;United Kingdom;105
2014;8;Russia;16;Austria;1990
2014;8;Russia;17;Netherlands;190
2014;8;Russia;18;Switzerland;170
2014;8;Russia;19;Belgium;1850
2014;9;Somalia;10;Germany;5670
2014;9;Somalia;11;Sweden;4870
2014;9;Somalia;12;Italy;805
2014;9;Somalia;13;France;810
2014;9;Somalia;14;Hungary;200
2014;9;Somalia;15;United Kingdom;405
2014;9;Somalia;16;Austria;1160
2014;9;Somalia;17;Netherlands;590
2014;9;Somalia;18;Switzerland;810
2014;9;Somalia;19;Belgium;365
2015;0;Syria;10;Germany;162260
2015;0;Syria;11;Hungary;64580
2015;0;Syria;12;Sweden;51310
2015;0;Syria;13;Austria;25005
2015;0;Syria;14;Italy;505
2015;0;Syria;15;France;4635
2015;0;Syria;16;Netherlands;18635
2015;0;Syria;17;Belgium;10410
2015;0;Syria;18;Switzerland;4750
2015;0;Syria;19;United Kingdom;2715
2015;1;Afghanistan;10;Germany;31700
2015;1;Afghanistan;11;Hungary;46225
2015;1;Afghanistan;12;Sweden;41445
2015;1;Afghanistan;13;Austria;25265
2015;1;Afghanistan;14;Italy;3970
2015;1;Afghanistan;15;France;2455
2015;1;Afghanistan;16;Netherlands;2875
2015;1;Afghanistan;17;Belgium;8310
2015;1;Afghanistan;18;Switzerland;7830
2015;1;Afghanistan;19;United Kingdom;2880
2015;2;Irak;10;Germany;31335
2015;2;Irak;11;Hungary;9275
2015;2;Irak;12;Sweden;20785
2015;2;Irak;13;Austria;13550
2015;2;Irak;14;Italy;510
2015;2;Irak;15;France;3080
2015;2;Irak;16;Netherlands;3225
2015;2;Irak;17;Belgium;9470
2015;2;Irak;18;Switzerland;2385
2015;2;Irak;19;United Kingdom;2610
2015;3;Kosovo;10;Germany;37060
2015;3;Kosovo;11;Hungary;24455
2015;3;Kosovo;12;Sweden;1775
2015;3;Kosovo;13;Austria;2470
2015;3;Kosovo;14;Italy;350
2015;3;Kosovo;15;France;4290
2015;3;Kosovo;16;Netherlands;685
2015;3;Kosovo;17;Belgium;740
2015;3;Kosovo;18;Switzerland;565
2015;3;Kosovo;19;United Kingdom;20
2015;4;Albania;10;Germany;54705
2015;4;Albania;11;Hungary;260
2015;4;Albania;12;Sweden;2610
2015;4;Albania;13;Austria;140
2015;4;Albania;14;Italy;425
2015;4;Albania;15;France;3650
2015;4;Albania;16;Netherlands;1010
2015;4;Albania;17;Belgium;830
2015;4;Albania;18;Switzerland;455
2015;4;Albania;19;United Kingdom;1835
2015;5;Pakistan;10;Germany;8445
2015;5;Pakistan;11;Hungary;15155
2015;5;Pakistan;12;Sweden;545
2015;5;Pakistan;13;Austria;3035
2015;5;Pakistan;14;Italy;10425
2015;5;Pakistan;15;France;1885
2015;5;Pakistan;16;Netherlands;210
2015;5;Pakistan;17;Belgium;525
2015;5;Pakistan;18;Switzerland;260
2015;5;Pakistan;19;United Kingdom;3305
2015;6;Eritrea;10;Germany;10945
2015;6;Eritrea;11;Hungary;550
2015;6;Eritrea;12;Sweden;7230
2015;6;Eritrea;13;Austria;85
2015;6;Eritrea;14;Italy;690
2015;6;Eritrea;15;France;905
2015;6;Eritrea;16;Netherlands;7445
2015;6;Eritrea;17;Belgium;365
2015;6;Eritrea;18;Switzerland;9960
2015;6;Eritrea;19;United Kingdom;3705
2015;7;Nigeria;10;Germany;5280
2015;7;Nigeria;11;Hungary;1000
2015;7;Nigeria;12;Sweden;465
2015;7;Nigeria;13;Austria;1375
2015;7;Nigeria;14;Italy;18145
2015;7;Nigeria;15;France;1710
2015;7;Nigeria;16;Netherlands;280
2015;7;Nigeria;17;Belgium;150
2015;7;Nigeria;18;Switzerland;970
2015;7;Nigeria;19;United Kingdom;1530
2015;8;Serbia;10;Germany;26925
2015;8;Serbia;11;Hungary;95
2015;8;Serbia;12;Sweden;1050
2015;8;Serbia;13;Austria;325
2015;8;Serbia;14;Italy;135
2015;8;Serbia;15;France;460
2015;8;Serbia;16;Netherlands;450
2015;8;Serbia;17;Belgium;375
2015;8;Serbia;18;Switzerland;195
2015;8;Serbia;19;United Kingdom;0
2015;9;Iran;10;Germany;5725
2015;9;Iran;11;Hungary;1795
2015;9;Iran;12;Sweden;4550
2015;9;Iran;13;Austria;3435
2015;9;Iran;14;Italy;255
2015;9;Iran;15;France;300
2015;9;Iran;16;Netherlands;2025
2015;9;Iran;17;Belgium;630
2015;9;Iran;18;Switzerland;615
2015;9;Iran;19;United Kingdom;3640
2016;0;Syria;10;Germany;268230
2016;0;Syria;11;Italy;980
2016;0;Syria;12;France;4730
2016;0;Syria;13;Greece;26700
2016;0;Syria;14;Austria;8770
2016;0;Syria;15;United Kingdom;1535
2016;0;Syria;16;Hungary;4985
2016;0;Syria;17;Sweden;5460
2016;0;Syria;18;Switzerland;2145
2016;0;Syria;19;Netherlands;2910
2016;1;Afghanistan;10;Germany;127300
2016;1;Afghanistan;11;Italy;2845
2016;1;Afghanistan;12;France;6130
2016;1;Afghanistan;13;Greece;4370
2016;1;Afghanistan;14;Austria;11800
2016;1;Afghanistan;15;United Kingdom;3125
2016;1;Afghanistan;16;Hungary;11045
2016;1;Afghanistan;17;Sweden;2945
2016;1;Afghanistan;18;Switzerland;3235
2016;1;Afghanistan;19;Netherlands;1390
2016;2;Irak;10;Germany;96930
2016;2;Irak;11;Italy;1525
2016;2;Irak;12;France;2575
2016;2;Irak;13;Greece;4815
2016;2;Irak;14;Austria;2865
2016;2;Irak;15;United Kingdom;3670
2016;2;Irak;16;Hungary;3450
2016;2;Irak;17;Sweden;2760
2016;2;Irak;18;Switzerland;1315
2016;2;Irak;19;Netherlands;1120
2016;3;Pakistan;10;Germany;15485
2016;3;Pakistan;11;Italy;13660
2016;3;Pakistan;12;France;1980
2016;3;Pakistan;13;Greece;4700
2016;3;Pakistan;14;Austria;2500
2016;3;Pakistan;15;United Kingdom;3665
2016;3;Pakistan;16;Hungary;3875
2016;3;Pakistan;17;Sweden;310
2016;3;Pakistan;18;Switzerland;165
2016;3;Pakistan;19;Netherlands;180
2016;4;Nigeria;10;Germany;12880
2016;4;Nigeria;11;Italy;27105
2016;4;Nigeria;12;France;1950
2016;4;Nigeria;13;Greece;275
2016;4;Nigeria;14;Austria;1860
2016;4;Nigeria;15;United Kingdom;1820
2016;4;Nigeria;16;Hungary;80
2016;4;Nigeria;17;Sweden;370
2016;4;Nigeria;18;Switzerland;1110
2016;4;Nigeria;19;Netherlands;275
2016;5;Iran;10;Germany;26810
2016;5;Iran;11;Italy;385
2016;5;Iran;12;France;405
2016;5;Iran;13;Greece;1100
2016;5;Iran;14;Austria;2465
2016;5;Iran;15;United Kingdom;4715
2016;5;Iran;16;Hungary;1290
2016;5;Iran;17;Sweden;1250
2016;5;Iran;18;Switzerland;560
2016;5;Iran;19;Netherlands;995
2016;6;Eritrea;10;Germany;19060
2016;6;Eritrea;11;Italy;7395
2016;6;Eritrea;12;France;1355
2016;6;Eritrea;13;Greece;425
2016;6;Eritrea;14;Austria;100
2016;6;Eritrea;15;United Kingdom;1255
2016;6;Eritrea;16;Hungary;60
2016;6;Eritrea;17;Sweden;1155
2016;6;Eritrea;18;Switzerland;5180
2016;6;Eritrea;19;Netherlands;1920
2016;7;Albania;10;Germany;17180
2016;7;Albania;11;Italy;365
2016;7;Albania;12;France;7445
2016;7;Albania;13;Greece;1425
2016;7;Albania;14;Austria;80
2016;7;Albania;15;United Kingdom;1785
2016;7;Albania;16;Hungary;15
2016;7;Albania;17;Sweden;780
2016;7;Albania;18;Switzerland;155
2016;7;Albania;19;Netherlands;1690
2016;8;Russia;10;Germany;12220
2016;8;Russia;11;Italy;55
2016;8;Russia;12;France;2565
2016;8;Russia;13;Greece;15
2016;8;Russia;14;Austria;1630
2016;8;Russia;15;United Kingdom;110
2016;8;Russia;16;Hungary;10
2016;8;Russia;17;Sweden;410
2016;8;Russia;18;Switzerland;180
2016;8;Russia;19;Netherlands;145
2016;9;Somalia;10;Germany;10160
2016;9;Somalia;11;Italy;2400
2016;9;Somalia;12;France;890
2016;9;Somalia;13;Greece;130
2016;9;Somalia;14;Austria;1535
2016;9;Somalia;15;United Kingdom;400
2016;9;Somalia;16;Hungary;335
2016;9;Somalia;17;Sweden;1675
2016;9;Somalia;18;Switzerland;1580
2016;9;Somalia;19;Netherlands;245
2017;0;Syria;10;Germany;50370
2017;0;Syria;11;Italy;1480
2017;0;Syria;12;France;4710
2017;0;Syria;13;Greece;16395
2017;0;Syria;14;Spain;4190
2017;0;Syria;15;United Kingdom;775
2017;0;Syria;16;Sweden;5445
2017;0;Syria;17;Austria;7355
2017;0;Syria;18;Belgium;2790
2017;0;Syria;19;Netherlands;3005
2017;1;Irak;10;Germany;23580
2017;1;Irak;11;Italy;1660
2017;1;Irak;12;France;2360
2017;1;Irak;13;Greece;7920
2017;1;Irak;14;Spain;160
2017;1;Irak;15;United Kingdom;3285
2017;1;Irak;16;Sweden;1900
2017;1;Irak;17;Austria;1400
2017;1;Irak;18;Belgium;1355
2017;1;Irak;19;Netherlands;1100
2017;2;Afghanistan;10;Germany;18265
2017;2;Afghanistan;11;Italy;1015
2017;2;Afghanistan;12;France;6675
2017;2;Afghanistan;13;Greece;7570
2017;2;Afghanistan;14;Spain;100
2017;2;Afghanistan;15;United Kingdom;1970
2017;2;Afghanistan;16;Sweden;1680
2017;2;Afghanistan;17;Austria;3780
2017;2;Afghanistan;18;Belgium;1580
2017;2;Afghanistan;19;Netherlands;785
2017;3;Nigeria;10;Germany;8255
2017;3;Nigeria;11;Italy;25500
2017;3;Nigeria;12;France;2350
2017;3;Nigeria;13;Greece;200
2017;3;Nigeria;14;Spain;260
2017;3;Nigeria;15;United Kingdom;1595
2017;3;Nigeria;16;Sweden;395
2017;3;Nigeria;17;Austria;1405
2017;3;Nigeria;18;Belgium;140
2017;3;Nigeria;19;Netherlands;320
2017;4;Pakistan;10;Germany;4405
2017;4;Pakistan;11;Italy;9725
2017;4;Pakistan;12;France;1690
2017;4;Pakistan;13;Greece;8925
2017;4;Pakistan;14;Spain;270
2017;4;Pakistan;15;United Kingdom;3115
2017;4;Pakistan;16;Sweden;250
2017;4;Pakistan;17;Austria;1575
2017;4;Pakistan;18;Belgium;260
2017;4;Pakistan;19;Netherlands;220
2017;5;Eritrea;10;Germany;10565
2017;5;Eritrea;11;Italy;6370
2017;5;Eritrea;12;France;1115
2017;5;Eritrea;13;Greece;325
2017;5;Eritrea;14;Spain;155
2017;5;Eritrea;15;United Kingdom;1115
2017;5;Eritrea;16;Sweden;1685
2017;5;Eritrea;17;Austria;60
2017;5;Eritrea;18;Belgium;690
2017;5;Eritrea;19;Netherlands;1650
2017;6;Albania;10;Germany;6080
2017;6;Albania;11;Italy;470
2017;6;Albania;12;France;12130
2017;6;Albania;13;Greece;2450
2017;6;Albania;14;Spain;50
2017;6;Albania;15;United Kingdom;1700
2017;6;Albania;16;Sweden;755
2017;6;Albania;17;Austria;50
2017;6;Albania;18;Belgium;880
2017;6;Albania;19;Netherlands;375
2017;7;Bangladesh;10;Germany;560
2017;7;Bangladesh;11;Italy;12445
2017;7;Bangladesh;12;France;3425
2017;7;Bangladesh;13;Greece;1385
2017;7;Bangladesh;14;Spain;125
2017;7;Bangladesh;15;United Kingdom;1905
2017;7;Bangladesh;16;Sweden;140
2017;7;Bangladesh;17;Austria;145
2017;7;Bangladesh;18;Belgium;70
2017;7;Bangladesh;19;Netherlands;15
2017;8;Guinea;10;Germany;4080
2017;8;Guinea;11;Italy;7825
2017;8;Guinea;12;France;4295
2017;8;Guinea;13;Greece;140
2017;8;Guinea;14;Spain;465
2017;8;Guinea;15;United Kingdom;30
2017;8;Guinea;16;Sweden;25
2017;8;Guinea;17;Austria;65
2017;8;Guinea;18;Belgium;905
2017;8;Guinea;19;Netherlands;355
2017;9;Iran;10;Germany;9185
2017;9;Iran;11;Italy;225
2017;9;Iran;12;France;410
2017;9;Iran;13;Greece;1315
2017;9;Iran;14;Spain;60
2017;9;Iran;15;United Kingdom;3015
2017;9;Iran;16;Sweden;1085
2017;9;Iran;17;Austria;985
2017;9;Iran;18;Belgium;240
2017;9;Iran;19;Netherlands;890
2018;0;Syria;10;Germany;45980
2018;0;Syria;11;France;3595
2018;0;Syria;12;Greece;13385
2018;0;Syria;13;Italy;335
2018;0;Syria;14;Spain;2770
2018;0;Syria;15;United Kingdom;895
2018;0;Syria;16;Netherlands;3070
2018;0;Syria;17;Belgium;2905
2018;0;Syria;18;Sweden;2815
2018;0;Syria;19;Switzerland;1390
2018;1;Afghanistan;10;Germany;12150
2018;1;Afghanistan;11;France;12105
2018;1;Afghanistan;12;Greece;11930
2018;1;Afghanistan;13;Italy;495
2018;1;Afghanistan;14;Spain;85
2018;1;Afghanistan;15;United Kingdom;2100
2018;1;Afghanistan;16;Netherlands;960
2018;1;Afghanistan;17;Belgium;2030
2018;1;Afghanistan;18;Sweden;815
2018;1;Afghanistan;19;Switzerland;1185
2018;2;Irak;10;Germany;17935
2018;2;Irak;11;France;2710
2018;2;Irak;12;Greece;9735
2018;2;Irak;13;Italy;1170
2018;2;Irak;14;Spain;75
2018;2;Irak;15;United Kingdom;3575
2018;2;Irak;16;Netherlands;1395
2018;2;Irak;17;Belgium;1750
2018;2;Irak;18;Sweden;1370
2018;2;Irak;19;Switzerland;605
2018;3;Pakistan;10;Germany;3380
2018;3;Pakistan;11;France;4055
2018;3;Pakistan;12;Greece;7745
2018;3;Pakistan;13;Italy;8535
2018;3;Pakistan;14;Spain;450
2018;3;Pakistan;15;United Kingdom;2530
2018;3;Pakistan;16;Netherlands;350
2018;3;Pakistan;17;Belgium;195
2018;3;Pakistan;18;Sweden;370
2018;3;Pakistan;19;Switzerland;135
2018;4;Nigeria;10;Germany;11010
2018;4;Nigeria;11;France;5050
2018;4;Nigeria;12;Greece;190
2018;4;Nigeria;13;Italy;6975
2018;4;Nigeria;14;Spain;405
2018;4;Nigeria;15;United Kingdom;1360
2018;4;Nigeria;16;Netherlands;655
2018;4;Nigeria;17;Belgium;125
2018;4;Nigeria;18;Sweden;395
2018;4;Nigeria;19;Switzerland;510
2018;5;Iran;10;Germany;11765
2018;5;Iran;11;France;730
2018;5;Iran;12;Greece;1765
2018;5;Iran;13;Italy;235
2018;5;Iran;14;Spain;65
2018;5;Iran;15;United Kingdom;3890
2018;5;Iran;16;Netherlands;2300
2018;5;Iran;17;Belgium;555
2018;5;Iran;18;Sweden;1260
2018;5;Iran;19;Switzerland;495
2018;6;Turkey;10;Germany;10620
2018;6;Turkey;11;France;2385
2018;6;Turkey;12;Greece;4830
2018;6;Turkey;13;Italy;530
2018;6;Turkey;14;Spain;275
2018;6;Turkey;15;United Kingdom;785
2018;6;Turkey;16;Netherlands;1325
2018;6;Turkey;17;Belgium;820
2018;6;Turkey;18;Sweden;490
2018;6;Turkey;19;Switzerland;1005
2018;7;Albania;10;Germany;2900
2018;7;Albania;11;France;10630
2018;7;Albania;12;Greece;3325
2018;7;Albania;13;Italy;1295
2018;7;Albania;14;Spain;60
2018;7;Albania;15;United Kingdom;2380
2018;7;Albania;16;Netherlands;570
2018;7;Albania;17;Belgium;675
2018;7;Albania;18;Sweden;605
2018;7;Albania;19;Switzerland;95
2018;8;Venezuela;10;Germany;405
2018;8;Venezuela;11;France;605
2018;8;Venezuela;12;Greece;30
2018;8;Venezuela;13;Italy;1265
2018;8;Venezuela;14;Spain;19290
2018;8;Venezuela;15;United Kingdom;35
2018;8;Venezuela;16;Netherlands;155
2018;8;Venezuela;17;Belgium;415
2018;8;Venezuela;18;Sweden;115
2018;8;Venezuela;19;Switzerland;40
2018;9;Georgia;10;Germany;4160
2018;9;Georgia;11;France;7775
2018;9;Georgia;12;Greece;1460
2018;9;Georgia;13;Italy;1165
2018;9;Georgia;14;Spain;1020
2018;9;Georgia;15;United Kingdom;80
2018;9;Georgia;16;Netherlands;375
2018;9;Georgia;17;Belgium;695
2018;9;Georgia;18;Sweden;1155
2018;9;Georgia;19;Switzerland;870
2019;0;Syria;10;Germany;41060
2019;0;Syria;11;France;3080
2019;0;Syria;12;Spain;2360
2019;0;Syria;13;Greece;10855
2019;0;Syria;14;United Kingdom;1350
2019;0;Syria;15;Italy;200
2019;0;Syria;16;Belgium;2900
2019;0;Syria;17;Sweden;5225
2019;0;Syria;18;Netherlands;3840
2019;0;Syria;19;Switzerland;1095
2019;1;Afghanistan;10;Germany;11280
2019;1;Afghanistan;11;France;12085
2019;1;Afghanistan;12;Spain;130
2019;1;Afghanistan;13;Greece;23820
2019;1;Afghanistan;14;United Kingdom;2170
2019;1;Afghanistan;15;Italy;590
2019;1;Afghanistan;16;Belgium;3400
2019;1;Afghanistan;17;Sweden;905
2019;1;Afghanistan;18;Netherlands;795
2019;1;Afghanistan;19;Switzerland;1400
2019;2;Venezuela;10;Germany;725
2019;2;Venezuela;11;France;935
2019;2;Venezuela;12;Spain;40840
2019;2;Venezuela;13;Greece;30
2019;2;Venezuela;14;United Kingdom;30
2019;2;Venezuela;15;Italy;1550
2019;2;Venezuela;16;Belgium;545
2019;2;Venezuela;17;Sweden;210
2019;2;Venezuela;18;Netherlands;200
2019;2;Venezuela;19;Switzerland;45
2019;3;Irak;10;Germany;15325
2019;3;Irak;11;France;1370
2019;3;Irak;12;Spain;115
2019;3;Irak;13;Greece;5740
2019;3;Irak;14;United Kingdom;3970
2019;3;Irak;15;Italy;940
2019;3;Irak;16;Belgium;1475
2019;3;Irak;17;Sweden;1220
2019;3;Irak;18;Netherlands;930
2019;3;Irak;19;Switzerland;555
2019;4;Colombia;10;Germany;465
2019;4;Colombia;11;France;545
2019;4;Colombia;12;Spain;29275
2019;4;Colombia;13;Greece;0
2019;4;Colombia;14;United Kingdom;30
2019;4;Colombia;15;Italy;875
2019;4;Colombia;16;Belgium;370
2019;4;Colombia;17;Sweden;495
2019;4;Colombia;18;Netherlands;165
2019;4;Colombia;19;Switzerland;120
2019;5;Pakistan;10;Germany;3400
2019;5;Pakistan;11;France;5105
2019;5;Pakistan;12;Spain;630
2019;5;Pakistan;13;Greece;7140
2019;5;Pakistan;14;United Kingdom;2535
2019;5;Pakistan;15;Italy;8725
2019;5;Pakistan;16;Belgium;215
2019;5;Pakistan;17;Sweden;375
2019;5;Pakistan;18;Netherlands;445
2019;5;Pakistan;19;Switzerland;100
2019;6;Turkey;10;Germany;11400
2019;6;Turkey;11;France;4515
2019;6;Turkey;12;Spain;165
2019;6;Turkey;13;Greece;3795
2019;6;Turkey;14;United Kingdom;1260
2019;6;Turkey;15;Italy;460
2019;6;Turkey;16;Belgium;1075
2019;6;Turkey;17;Sweden;660
2019;6;Turkey;18;Netherlands;1285
2019;6;Turkey;19;Switzerland;1280
2019;7;Nigeria;10;Germany;10510
2019;7;Nigeria;11;France;6390
2019;7;Nigeria;12;Spain;385
2019;7;Nigeria;13;Greece;215
2019;7;Nigeria;14;United Kingdom;1395
2019;7;Nigeria;15;Italy;3515
2019;7;Nigeria;16;Belgium;200
2019;7;Nigeria;17;Sweden;395
2019;7;Nigeria;18;Netherlands;2200
2019;7;Nigeria;19;Switzerland;355
2019;8;Iran;10;Germany;9490
2019;8;Iran;11;France;630
2019;8;Iran;12;Spain;195
2019;8;Iran;13;Greece;2390
2019;8;Iran;14;United Kingdom;5350
2019;8;Iran;15;Italy;275
2019;8;Iran;16;Belgium;780
2019;8;Iran;17;Sweden;1115
2019;8;Iran;18;Netherlands;1785
2019;8;Iran;19;Switzerland;540
2019;9;Albania;10;Germany;2565
2019;9;Albania;11;France;10370
2019;9;Albania;12;Spain;160
2019;9;Albania;13;Greece;3055
2019;9;Albania;14;United Kingdom;3980
2019;9;Albania;15;Italy;1565
2019;9;Albania;16;Belgium;675
2019;9;Albania;17;Sweden;550
2019;9;Albania;18;Netherlands;265
2019;9;Albania;19;Switzerland;140
